EmployeeID,daily_working_hours
1,7.37
2,7.72
3,7.01
4,7.19
5,8.01
6,10.8
7,6.92
8,6.73
9,7.24
10,7.08
11,8.4
12,7.07
13,9.3
14,9.4
15,6.09
16,6.71
17,6.62
18,11.01
19,6.96
20,9.29
21,7.59
22,6.01
23,8.4
24,6.81
25,7.09
26,9.36
27,10.98
28,7.6
29,10.98
30,6.83
31,10.11
32,6.71
33,10.52
34,6.18
35,6.59
36,10.27
37,9.98
38,5.98
39,6.78
40,7.69
41,7.2
42,7.59
43,6.95
44,7.01
45,7.2
46,7.17
47,7.64
48,7.83
49,6.97
50,6.91
51,10.9
52,9.13
53,6.83
54,7.32
55,8.61
56,6.78
57,10.99
58,7.69
59,9.95
60,7.91
61,10.67
62,10.5
63,10.07
64,6.61
65,7.5
66,10.73
67,6.18
68,6.61
69,6.08
70,9.97
71,7.42
72,6.49
73,6.3
74,9.32
75,6.1
76,7.22
77,7.1
78,9.91
79,10.48
80,6.91
81,7.59
82,6.08
83,6.0
84,8.98
85,10.43
86,8.39
87,7.91
88,7.11
89,9.69
90,7.77
91,6.28
92,6.31
93,8.83
94,7.72
95,7.32
96,10.8
97,10.4
98,5.99
99,6.11
100,8.13
101,7.31
102,7.11
103,6.33
104,8.13
105,7.99
106,10.51
107,7.99
108,6.1
109,7.59
110,6.89
111,9.3
112,10.81
113,6.0
114,7.79
115,7.72
116,6.19
117,7.12
118,7.83
119,7.62
120,6.0
121,9.11
122,8.68
123,9.99
124,6.9
125,7.0
126,6.29
127,6.37
128,8.19
129,6.45
130,6.68
131,7.48
132,9.92
133,7.42
134,7.5
135,6.0
136,6.86
137,6.13
138,7.67
139,8.88
140,10.9
141,10.69
142,7.06
143,9.01
144,7.42
145,7.59
146,6.62
147,6.19
148,6.47
149,8.2
150,6.79
151,7.3
152,6.82
153,7.32
154,6.16
155,7.61
156,6.6
157,10.65
158,6.2
159,8.59
160,6.0
161,6.28
162,7.91
163,7.18
164,6.65
165,7.91
166,6.72
167,6.29
168,7.18
169,6.29
170,7.22
171,7.81
172,6.81
173,6.48
174,7.65
175,7.59
176,9.18
177,6.38
178,8.48
179,6.97
180,6.47
181,8.88
182,6.59
183,11.0
184,7.81
185,7.23
186,6.42
187,6.78
188,7.39
189,6.19
190,6.01
191,7.3
192,7.06
193,8.72
194,10.81
195,7.41
196,9.19
197,7.39
198,7.4
199,6.71
200,9.23
201,6.88
202,9.29
203,6.02
204,6.33
205,6.41
206,8.75
207,7.39
208,6.2
209,7.71
210,7.51
211,9.08
212,5.99
213,6.03
214,6.02
215,6.9
216,10.78
217,8.98
218,7.38
219,6.82
220,6.79
221,7.41
222,10.83
223,6.88
224,8.91
225,6.68
226,7.92
227,6.31
228,7.89
229,8.88
230,7.09
231,7.49
232,8.69
233,6.8
234,9.13
235,7.02
236,6.7
237,8.4
238,6.48
239,7.23
240,8.69
241,6.04
242,7.28
243,9.38
244,7.31
245,7.11
246,7.44
247,7.57
248,9.96
249,6.21
250,6.81
251,6.66
252,7.51
253,6.41
254,10.7
255,7.0
256,8.63
257,10.4
258,6.73
259,7.09
260,7.68
261,6.8
262,7.81
263,7.1
264,8.89
265,7.6
266,9.12
267,6.82
268,7.51
269,6.71
270,7.9
271,8.21
272,7.17
273,6.51
274,7.93
275,6.72
276,8.62
277,6.76
278,7.71
279,6.61
280,7.35
281,6.17
282,7.39
283,8.1
284,6.02
285,9.81
286,6.11
287,8.31
288,7.52
289,6.41
290,10.01
291,7.1
292,6.41
293,7.8
294,6.3
295,7.14
296,8.8
297,7.5
298,7.08
299,6.28
300,7.1
301,7.81
302,10.9
303,6.19
304,5.99
305,10.05
306,7.68
307,5.98
308,7.98
309,10.01
310,7.78
311,7.98
312,7.4
313,7.21
314,7.08
315,6.29
316,6.19
317,6.2
318,8.91
319,6.81
320,9.46
321,10.81
322,6.92
323,7.8
324,7.17
325,6.45
326,7.94
327,7.82
328,7.98
329,6.82
330,6.07
331,6.41
332,10.7
333,6.99
334,7.99
335,9.47
336,7.72
337,7.73
338,8.9
339,7.78
340,10.47
341,6.2
342,6.62
343,7.99
344,6.89
345,9.38
346,6.62
347,7.58
348,7.6
349,6.87
350,6.29
351,6.38
352,7.33
353,10.49
354,6.99
355,9.91
356,6.89
357,8.0
358,7.31
359,6.11
360,6.32
361,6.42
362,6.02
363,6.9
364,9.7
365,7.79
366,6.41
367,10.39
368,8.52
369,6.59
370,7.59
371,6.1
372,6.29
373,6.48
374,10.98
375,8.01
376,7.59
377,10.41
378,8.8
379,10.0
380,7.89
381,7.8
382,7.47
383,7.56
384,6.81
385,6.99
386,9.61
387,10.1
388,9.39
389,6.37
390,7.1
391,7.41
392,6.67
393,7.59
394,10.68
395,8.31
396,6.61
397,6.88
398,9.42
399,10.03
400,6.45
401,9.77
402,6.42
403,10.5
404,6.58
405,7.11
406,7.88
407,10.3
408,8.49
409,9.8
410,10.41
411,7.68
412,10.67
413,7.68
414,7.72
415,6.88
416,10.55
417,8.32
418,6.08
419,10.38
420,6.99
421,6.7
422,7.08
423,6.5
424,7.08
425,7.08
426,8.9
427,6.07
428,7.64
429,10.71
430,7.1
431,10.62
432,6.08
433,8.33
434,8.14
435,7.89
436,9.81
437,6.02
438,6.27
439,6.31
440,7.62
441,6.37
442,6.99
443,7.48
444,6.52
445,8.0
446,8.1
447,7.32
448,6.51
449,9.47
450,10.09
451,6.81
452,8.19
453,7.93
454,10.28
455,7.52
456,7.01
457,7.39
458,8.98
459,7.91
460,7.08
461,8.7
462,7.97
463,10.51
464,9.48
465,7.7
466,6.89
467,6.59
468,9.32
469,6.3
470,6.31
471,6.6
472,9.59
473,10.12
474,8.31
475,7.61
476,7.93
477,7.33
478,7.98
479,6.54
480,6.89
481,7.1
482,7.29
483,6.93
484,8.03
485,6.19
486,10.11
487,6.59
488,8.63
489,6.27
490,8.38
491,7.66
492,6.01
493,10.9
494,6.44
495,7.83
496,10.82
497,7.63
498,7.4
499,7.2
500,7.06
501,8.11
502,6.67
503,7.78
504,6.08
505,8.21
506,9.22
507,7.77
508,7.59
509,9.6
510,7.26
511,6.12
512,7.71
513,7.4
514,7.57
515,6.91
516,6.61
517,6.11
518,7.93
519,9.11
520,6.62
521,10.99
522,8.72
523,7.42
524,7.52
525,6.25
526,7.88
527,7.29
528,7.92
529,8.01
530,6.73
531,6.61
532,6.19
533,6.41
534,9.81
535,7.8
536,6.67
537,6.69
538,10.58
539,10.9
540,7.81
541,10.21
542,6.78
543,6.3
544,10.46
545,8.04
546,7.12
547,6.21
548,6.02
549,7.98
550,10.7
551,6.32
552,6.9
553,6.4
554,7.39
555,7.12
556,7.2
557,5.98
558,10.52
559,6.2
560,7.2
561,6.61
562,7.48
563,6.6
564,7.17
565,8.03
566,7.1
567,7.2
568,10.9
569,6.52
570,10.68
571,6.99
572,8.98
573,8.12
574,7.13
575,8.0
576,7.42
577,7.09
578,6.8
579,6.79
580,6.71
581,8.02
582,7.69
583,7.07
584,7.91
585,10.29
586,7.52
587,7.69
588,10.52
589,6.9
590,7.49
591,7.99
592,7.51
593,6.59
594,6.28
595,7.47
596,7.29
597,8.8
598,6.78
599,6.7
600,10.4
601,6.0
602,8.89
603,9.88
604,5.99
605,6.17
606,7.82
607,7.18
608,7.49
609,6.79
610,7.23
611,7.2
612,7.29
613,8.5
614,6.56
615,6.02
616,6.58
617,6.01
618,7.59
619,6.28
620,6.22
621,7.5
622,8.62
623,7.27
624,8.39
625,8.04
626,6.06
627,7.29
628,8.01
629,9.18
630,9.53
631,9.81
632,9.18
633,6.32
634,6.01
635,8.39
636,7.38
637,7.67
638,8.59
639,7.27
640,7.37
641,6.59
642,6.7
643,6.09
644,6.09
645,7.98
646,8.8
647,6.18
648,6.92
649,5.98
650,7.02
651,11.03
652,10.78
653,7.49
654,9.2
655,8.69
656,9.88
657,9.62
658,7.59
659,6.9
660,8.92
661,10.99
662,6.59
663,6.8
664,10.37
665,7.81
666,7.5
667,10.48
668,9.42
669,6.41
670,10.61
671,5.98
672,9.71
673,6.99
674,9.51
675,8.41
676,6.8
677,7.98
678,6.81
679,6.02
680,8.39
681,6.04
682,6.49
683,7.72
684,6.23
685,6.72
686,7.71
687,8.01
688,10.4
689,9.8
690,9.97
691,10.41
692,6.01
693,10.1
694,7.83
695,9.08
696,5.98
697,9.68
698,6.6
699,8.0
700,7.31
701,7.38
702,5.98
703,7.67
704,9.5
705,9.52
706,6.59
707,7.25
708,6.31
709,8.51
710,6.11
711,6.11
712,7.62
713,7.12
714,7.47
715,7.89
716,7.18
717,7.36
718,8.71
719,10.4
720,6.4
721,6.5
722,7.23
723,7.69
724,9.14
725,6.39
726,7.91
727,6.72
728,10.9
729,10.25
730,7.11
731,10.68
732,10.4
733,7.78
734,10.41
735,6.61
736,7.23
737,9.11
738,9.72
739,10.32
740,10.0
741,6.3
742,6.08
743,6.48
744,7.52
745,7.69
746,7.97
747,6.81
748,6.22
749,7.08
750,8.58
751,6.2
752,10.61
753,7.48
754,9.4
755,7.3
756,7.54
757,7.29
758,7.6
759,8.04
760,7.19
761,6.33
762,7.32
763,7.79
764,7.22
765,7.6
766,6.62
767,6.3
768,9.68
769,7.49
770,6.1
771,10.5
772,6.39
773,6.68
774,6.67
775,9.41
776,6.81
777,10.5
778,6.65
779,10.31
780,10.61
781,7.12
782,7.41
783,8.03
784,6.49
785,6.6
786,6.91
787,6.78
788,6.51
789,6.92
790,7.29
791,6.88
792,6.06
793,7.3
794,7.58
795,6.09
796,7.58
797,6.89
798,6.31
799,6.54
800,7.8
801,8.51
802,6.6
803,8.52
804,7.35
805,10.29
806,7.03
807,6.1
808,10.69
809,7.9
810,10.85
811,7.59
812,6.12
813,6.96
814,6.4
815,7.12
816,5.97
817,8.46
818,7.42
819,7.0
820,6.52
821,7.88
822,7.13
823,7.02
824,6.2
825,7.71
826,7.62
827,10.29
828,6.36
829,9.98
830,10.49
831,6.6
832,8.01
833,6.2
834,7.21
835,6.04
836,8.07
837,6.32
838,10.62
839,8.43
840,6.1
841,8.38
842,6.59
843,7.77
844,7.27
845,9.09
846,7.86
847,7.76
848,7.11
849,7.38
850,6.93
851,6.81
852,6.5
853,9.68
854,6.51
855,7.6
856,7.38
857,7.11
858,7.42
859,6.37
860,6.13
861,7.3
862,7.01
863,7.25
864,7.43
865,8.11
866,9.3
867,7.77
868,6.83
869,9.39
870,6.66
871,9.22
872,6.0
873,6.39
874,6.0
875,6.49
876,7.03
877,7.32
878,6.6
879,8.42
880,8.88
881,9.43
882,6.34
883,8.78
884,6.56
885,8.88
886,7.91
887,7.14
888,10.92
889,6.1
890,7.3
891,6.57
892,6.09
893,7.6
894,7.38
895,7.88
896,8.4
897,6.04
898,6.87
899,7.59
900,6.19
901,7.99
902,6.66
903,7.32
904,9.59
905,5.97
906,7.94
907,9.18
908,8.59
909,7.11
910,10.7
911,8.69
912,7.17
913,6.41
914,10.49
915,7.29
916,7.88
917,6.1
918,6.77
919,7.8
920,7.79
921,6.63
922,7.71
923,5.99
924,8.5
925,7.95
926,6.31
927,7.58
928,7.63
929,8.42
930,7.2
931,10.7
932,6.41
933,6.6
934,7.39
935,9.7
936,7.81
937,6.71
938,6.39
939,10.96
940,7.7
941,9.49
942,5.96
943,8.53
944,8.09
945,7.39
946,8.02
947,9.88
948,7.53
949,7.19
950,7.7
951,7.97
952,6.24
953,7.79
954,6.51
955,7.06
956,9.22
957,8.51
958,8.16
959,8.09
960,6.71
961,7.03
962,7.93
963,6.29
964,6.3
965,6.38
966,6.79
967,7.72
968,6.58
969,6.91
970,7.19
971,7.72
972,9.78
973,5.99
974,7.58
975,7.38
976,7.28
977,7.69
978,9.8
979,10.38
980,7.01
981,6.03
982,6.46
983,10.2
984,7.6
985,7.91
986,7.79
987,6.22
988,5.95
989,6.72
990,7.61
991,6.3
992,6.81
993,8.8
994,8.03
995,9.94
996,7.39
997,7.7
998,8.28
999,7.88
1000,6.19
1001,6.29
1002,6.83
1003,6.02
1004,9.02
1005,8.41
1006,6.68
1007,7.61
1008,6.71
1009,6.26
1010,8.17
1011,8.11
1012,6.09
1013,7.7
1014,7.49
1015,6.38
1016,8.88
1017,7.29
1018,6.72
1019,7.97
1020,10.02
1021,9.55
1022,9.28
1023,6.11
1024,8.59
1025,8.0
1026,7.4
1027,6.9
1028,6.69
1029,6.6
1030,6.6
1031,6.68
1032,7.8
1033,7.89
1034,6.21
1035,6.2
1036,7.42
1037,7.8
1038,10.32
1039,7.07
1040,8.69
1041,7.97
1042,6.59
1043,7.37
1044,6.6
1045,7.4
1046,10.71
1047,7.23
1048,7.08
1049,7.49
1050,7.55
1051,9.51
1052,6.12
1053,9.59
1054,7.65
1055,6.11
1056,8.7
1057,7.2
1058,10.66
1059,7.0
1060,10.21
1061,7.69
1062,7.6
1063,6.49
1064,6.1
1065,7.24
1066,7.69
1067,8.0
1068,6.59
1069,10.41
1070,7.87
1071,7.08
1072,7.98
1073,6.3
1074,6.1
1075,8.59
1076,7.88
1077,7.68
1078,6.52
1079,6.23
1080,7.03
1081,7.69
1082,10.5
1083,9.5
1084,7.48
1085,8.12
1086,7.12
1087,8.67
1088,10.47
1089,7.11
1090,6.5
1091,6.78
1092,9.3
1093,7.59
1094,7.23
1095,7.08
1096,10.19
1097,6.86
1098,7.29
1099,6.41
1100,7.38
1101,8.33
1102,9.21
1103,6.8
1104,6.07
1105,7.78
1106,6.45
1107,10.6
1108,6.81
1109,6.29
1110,7.29
1111,8.93
1112,9.43
1113,6.0
1114,7.89
1115,6.99
1116,10.81
1117,9.89
1118,10.22
1119,7.62
1120,6.28
1121,8.7
1122,6.5
1123,6.61
1124,6.67
1125,9.81
1126,7.1
1127,6.02
1128,6.8
1129,6.77
1130,7.72
1131,6.59
1132,6.92
1133,6.32
1134,7.18
1135,8.82
1136,7.89
1137,7.3
1138,10.32
1139,10.81
1140,7.9
1141,7.9
1142,7.48
1143,7.96
1144,8.19
1145,10.8
1146,6.09
1147,6.59
1148,6.1
1149,10.51
1150,6.88
1151,6.99
1152,7.81
1153,6.16
1154,6.21
1155,6.08
1156,10.19
1157,7.78
1158,6.17
1159,7.9
1160,7.18
1161,6.51
1162,9.77
1163,7.7
1164,7.23
1165,10.4
1166,6.4
1167,8.0
1168,9.1
1169,6.99
1170,6.16
1171,6.01
1172,8.02
1173,8.0
1174,7.9
1175,9.39
1176,7.97
1177,6.8
1178,10.81
1179,8.16
1180,6.31
1181,8.03
1182,7.79
1183,7.84
1184,6.59
1185,10.9
1186,7.4
1187,6.82
1188,7.8
1189,7.38
1190,7.68
1191,7.09
1192,6.73
1193,10.51
1194,6.91
1195,7.21
1196,6.28
1197,6.08
1198,6.21
1199,8.43
1200,7.48
1201,6.9
1202,9.82
1203,6.08
1204,9.62
1205,7.51
1206,7.31
1207,7.5
1208,7.69
1209,6.05
1210,9.29
1211,6.4
1212,6.46
1213,8.63
1214,6.71
1215,8.52
1216,9.48
1217,6.4
1218,7.28
1219,10.04
1220,6.39
1221,8.0
1222,7.83
1223,7.5
1224,10.72
1225,6.31
1226,7.61
1227,10.48
1228,7.97
1229,10.7
1230,10.0
1231,8.02
1232,9.69
1233,6.91
1234,6.48
1235,6.09
1236,6.0
1237,7.82
1238,7.48
1239,9.5
1240,6.89
1241,7.1
1242,8.01
1243,6.53
1244,8.53
1245,6.12
1246,6.52
1247,9.68
1248,6.49
1249,8.92
1250,7.09
1251,9.08
1252,6.56
1253,6.19
1254,7.62
1255,7.69
1256,6.84
1257,6.82
1258,5.96
1259,7.82
1260,6.1
1261,9.32
1262,6.91
1263,9.3
1264,10.68
1265,9.39
1266,9.51
1267,10.2
1268,8.21
1269,6.47
1270,8.79
1271,6.1
1272,7.42
1273,8.11
1274,6.24
1275,9.53
1276,6.92
1277,6.0
1278,8.11
1279,7.22
1280,6.81
1281,6.1
1282,8.89
1283,6.79
1284,7.83
1285,6.3
1286,7.52
1287,7.18
1288,6.1
1289,6.02
1290,8.9
1291,6.6
1292,10.27
1293,9.2
1294,7.9
1295,6.71
1296,8.81
1297,8.01
1298,6.31
1299,6.41
1300,6.76
1301,7.62
1302,6.2
1303,7.4
1304,10.09
1305,8.07
1306,9.02
1307,7.31
1308,7.59
1309,7.8
1310,5.99
1311,7.08
1312,6.73
1313,10.15
1314,7.96
1315,10.71
1316,7.62
1317,7.78
1318,7.21
1319,9.58
1320,8.51
1321,7.7
1322,6.26
1323,7.49
1324,8.22
1325,8.14
1326,6.49
1327,6.0
1328,6.22
1329,7.86
1330,7.98
1331,7.5
1332,8.7
1333,7.91
1334,6.71
1335,9.01
1336,6.69
1337,8.4
1338,7.69
1339,7.55
1340,9.36
1341,6.38
1342,7.19
1343,7.98
1344,7.08
1345,8.41
1346,8.12
1347,7.95
1348,6.8
1349,7.19
1350,7.88
1351,7.79
1352,10.0
1353,7.9
1354,7.37
1355,10.42
1356,6.68
1357,6.51
1358,6.72
1359,6.39
1360,7.32
1361,8.02
1362,6.38
1363,7.0
1364,7.4
1365,10.89
1366,6.79
1367,7.91
1368,6.1
1369,7.57
1370,9.99
1371,6.2
1372,6.98
1373,7.68
1374,6.3
1375,6.53
1376,10.87
1377,10.61
1378,6.21
1379,6.19
1380,6.91
1381,6.32
1382,6.93
1383,8.88
1384,7.51
1385,7.41
1386,6.81
1387,8.13
1388,8.28
1389,6.79
1390,7.21
1391,6.92
1392,7.93
1393,10.36
1394,6.25
1395,10.12
1396,6.78
1397,6.12
1398,7.52
1399,6.21
1400,6.11
1401,6.8
1402,7.39
1403,6.3
1404,7.53
1405,8.99
1406,8.01
1407,6.18
1408,10.13
1409,6.09
1410,6.4
1411,6.29
1412,7.26
1413,6.52
1414,9.59
1415,10.51
1416,10.4
1417,8.37
1418,6.71
1419,8.53
1420,7.5
1421,6.09
1422,5.99
1423,7.78
1424,7.99
1425,6.2
1426,6.7
1427,8.53
1428,9.09
1429,7.01
1430,7.79
1431,6.59
1432,6.42
1433,7.59
1434,7.49
1435,10.13
1436,6.88
1437,5.99
1438,6.18
1439,6.95
1440,6.32
1441,5.99
1442,8.35
1443,7.41
1444,6.37
1445,6.72
1446,7.7
1447,10.88
1448,9.29
1449,7.1
1450,8.8
1451,7.99
1452,10.2
1453,6.32
1454,6.24
1455,6.11
1456,7.43
1457,6.91
1458,7.31
1459,6.79
1460,6.43
1461,7.56
1462,8.01
1463,7.12
1464,7.39
1465,7.3
1466,8.49
1467,6.1
1468,7.7
1469,9.52
1470,7.04
1471,7.41
1472,7.66
1473,6.99
1474,7.2
1475,8.01
1476,10.77
1477,6.91
1478,6.72
1479,7.21
1480,7.13
1481,8.4
1482,7.08
1483,9.3
1484,9.45
1485,6.12
1486,6.7
1487,6.6
1488,11.02
1489,6.98
1490,9.29
1491,7.6
1492,5.98
1493,8.41
1494,6.79
1495,7.06
1496,9.41
1497,11.01
1498,7.63
1499,11.0
1500,6.82
1501,10.11
1502,6.7
1503,10.49
1504,6.19
1505,6.61
1506,10.26
1507,10.0
1508,5.99
1509,6.82
1510,7.72
1511,7.19
1512,7.57
1513,6.88
1514,6.99
1515,7.17
1516,7.16
1517,7.6
1518,7.82
1519,6.99
1520,6.9
1521,10.92
1522,9.11
1523,6.79
1524,7.29
1525,8.6
1526,6.79
1527,10.98
1528,7.72
1529,9.97
1530,7.88
1531,10.71
1532,10.54
1533,10.1
1534,6.6
1535,7.52
1536,10.71
1537,6.2
1538,6.61
1539,6.06
1540,10.01
1541,7.39
1542,6.53
1543,6.35
1544,9.28
1545,6.09
1546,7.2
1547,7.11
1548,9.91
1549,10.49
1550,6.91
1551,7.62
1552,6.11
1553,6.0
1554,9.01
1555,10.41
1556,8.42
1557,7.91
1558,7.07
1559,9.71
1560,7.82
1561,6.29
1562,6.32
1563,8.81
1564,7.73
1565,7.29
1566,10.8
1567,10.4
1568,5.98
1569,6.1
1570,8.1
1571,7.29
1572,7.08
1573,6.31
1574,8.09
1575,7.98
1576,10.5
1577,8.02
1578,6.11
1579,7.57
1580,6.92
1581,9.31
1582,10.8
1583,5.99
1584,7.79
1585,7.71
1586,6.21
1587,7.09
1588,7.8
1589,7.6
1590,6.01
1591,9.08
1592,8.69
1593,10.01
1594,6.9
1595,7.02
1596,6.26
1597,6.4
1598,8.19
1599,6.46
1600,6.68
1601,7.48
1602,9.92
1603,7.36
1604,7.51
1605,5.98
1606,6.87
1607,6.07
1608,7.73
1609,8.94
1610,10.9
1611,10.74
1612,7.13
1613,9.02
1614,7.39
1615,7.59
1616,6.64
1617,6.21
1618,6.49
1619,8.2
1620,6.78
1621,7.31
1622,6.82
1623,7.29
1624,6.16
1625,7.6
1626,6.61
1627,10.6
1628,6.18
1629,8.65
1630,6.01
1631,6.27
1632,7.88
1633,7.19
1634,6.61
1635,7.88
1636,6.68
1637,6.34
1638,7.2
1639,6.26
1640,7.21
1641,7.8
1642,6.79
1643,6.53
1644,7.68
1645,7.61
1646,9.22
1647,6.41
1648,8.51
1649,7.02
1650,6.54
1651,8.91
1652,6.61
1653,10.99
1654,7.78
1655,7.23
1656,6.45
1657,6.8
1658,7.37
1659,6.22
1660,5.99
1661,7.32
1662,7.12
1663,8.68
1664,10.77
1665,7.43
1666,9.17
1667,7.4
1668,7.38
1669,6.71
1670,9.18
1671,6.91
1672,9.31
1673,6.0
1674,6.31
1675,6.44
1676,8.71
1677,7.42
1678,6.17
1679,7.72
1680,7.49
1681,9.08
1682,6.01
1683,5.97
1684,6.02
1685,6.89
1686,10.8
1687,9.01
1688,7.38
1689,6.79
1690,6.77
1691,7.41
1692,10.8
1693,6.95
1694,8.88
1695,6.7
1696,7.86
1697,6.29
1698,7.85
1699,8.91
1700,7.09
1701,7.51
1702,8.72
1703,6.79
1704,9.14
1705,7.01
1706,6.7
1707,8.38
1708,6.51
1709,7.2
1710,8.65
1711,6.0
1712,7.33
1713,9.39
1714,7.31
1715,7.11
1716,7.4
1717,7.62
1718,10.01
1719,6.18
1720,6.8
1721,6.73
1722,7.5
1723,6.4
1724,10.71
1725,7.0
1726,8.61
1727,10.42
1728,6.67
1729,7.07
1730,7.71
1731,6.81
1732,7.78
1733,7.12
1734,8.94
1735,7.57
1736,9.12
1737,6.78
1738,7.5
1739,6.74
1740,7.89
1741,8.21
1742,7.2
1743,6.45
1744,7.89
1745,6.68
1746,8.57
1747,6.81
1748,7.71
1749,6.6
1750,7.41
1751,6.24
1752,7.41
1753,8.1
1754,5.98
1755,9.84
1756,6.12
1757,8.3
1758,7.52
1759,6.43
1760,9.96
1761,7.12
1762,6.39
1763,7.81
1764,6.29
1765,7.1
1766,8.8
1767,7.49
1768,7.07
1769,6.33
1770,7.08
1771,7.81
1772,10.87
1773,6.17
1774,6.0
1775,9.99
1776,7.72
1777,5.99
1778,8.0
1779,10.01
1780,7.8
1781,8.05
1782,7.4
1783,7.25
1784,7.09
1785,6.28
1786,6.2
1787,6.2
1788,8.9
1789,6.81
1790,9.5
1791,10.82
1792,6.89
1793,7.8
1794,7.19
1795,6.37
1796,7.89
1797,7.82
1798,8.0
1799,6.75
1800,6.06
1801,6.36
1802,10.67
1803,6.99
1804,8.02
1805,9.5
1806,7.69
1807,7.69
1808,8.9
1809,7.76
1810,10.5
1811,6.22
1812,6.59
1813,7.99
1814,6.91
1815,9.4
1816,6.6
1817,7.63
1818,7.59
1819,6.91
1820,6.31
1821,6.39
1822,7.29
1823,10.53
1824,7.02
1825,9.91
1826,6.91
1827,8.01
1828,7.25
1829,6.08
1830,6.3
1831,6.38
1832,6.02
1833,6.9
1834,9.71
1835,7.83
1836,6.38
1837,10.36
1838,8.49
1839,6.63
1840,7.63
1841,6.1
1842,6.29
1843,6.47
1844,10.99
1845,8.01
1846,7.61
1847,10.4
1848,8.78
1849,9.97
1850,7.9
1851,7.78
1852,7.52
1853,7.59
1854,6.82
1855,6.94
1856,9.6
1857,10.1
1858,9.41
1859,6.41
1860,7.12
1861,7.4
1862,6.7
1863,7.64
1864,10.68
1865,8.28
1866,6.58
1867,6.93
1868,9.43
1869,10.0
1870,6.4
1871,9.82
1872,6.43
1873,10.5
1874,6.6
1875,7.13
1876,7.93
1877,10.27
1878,8.48
1879,9.81
1880,10.45
1881,7.68
1882,10.69
1883,7.7
1884,7.69
1885,6.94
1886,10.53
1887,8.28
1888,6.12
1889,10.39
1890,6.99
1891,6.7
1892,7.08
1893,6.52
1894,7.1
1895,7.13
1896,8.88
1897,6.15
1898,7.62
1899,10.68
1900,7.1
1901,10.6
1902,6.12
1903,8.31
1904,8.09
1905,7.88
1906,9.8
1907,6.03
1908,6.28
1909,6.27
1910,7.61
1911,6.36
1912,7.02
1913,7.52
1914,6.51
1915,8.01
1916,8.11
1917,7.29
1918,6.52
1919,9.5
1920,10.11
1921,6.76
1922,8.2
1923,7.91
1924,10.3
1925,7.52
1926,7.0
1927,7.4
1928,8.98
1929,7.89
1930,7.09
1931,8.69
1932,8.02
1933,10.49
1934,9.49
1935,7.7
1936,6.91
1937,6.55
1938,9.33
1939,6.27
1940,6.32
1941,6.6
1942,9.6
1943,10.1
1944,8.31
1945,7.59
1946,7.94
1947,7.3
1948,8.02
1949,6.5
1950,6.91
1951,7.1
1952,7.3
1953,6.93
1954,8.01
1955,6.18
1956,10.11
1957,6.59
1958,8.59
1959,6.29
1960,8.4
1961,7.71
1962,6.02
1963,10.9
1964,6.51
1965,7.78
1966,10.82
1967,7.58
1968,7.4
1969,7.23
1970,7.09
1971,8.1
1972,6.71
1973,7.8
1974,6.08
1975,8.2
1976,9.19
1977,7.84
1978,7.57
1979,9.6
1980,7.31
1981,6.08
1982,7.71
1983,7.42
1984,7.66
1985,6.91
1986,6.62
1987,6.08
1988,7.92
1989,9.13
1990,6.65
1991,10.97
1992,8.69
1993,7.39
1994,7.49
1995,6.24
1996,7.89
1997,7.29
1998,7.92
1999,7.99
2000,6.7
2001,6.57
2002,6.17
2003,6.38
2004,9.78
2005,7.78
2006,6.71
2007,6.72
2008,10.59
2009,10.87
2010,7.79
2011,10.22
2012,6.81
2013,6.28
2014,10.51
2015,8.01
2016,7.1
2017,6.2
2018,6.02
2019,8.01
2020,10.69
2021,6.31
2022,6.91
2023,6.39
2024,7.38
2025,7.07
2026,7.21
2027,6.01
2028,10.51
2029,6.21
2030,7.21
2031,6.61
2032,7.52
2033,6.6
2034,7.18
2035,8.01
2036,7.09
2037,7.2
2038,10.87
2039,6.52
2040,10.72
2041,6.99
2042,8.96
2043,8.1
2044,7.06
2045,7.96
2046,7.4
2047,7.09
2048,6.79
2049,6.8
2050,6.73
2051,8.04
2052,7.69
2053,7.07
2054,7.87
2055,10.26
2056,7.49
2057,7.71
2058,10.54
2059,6.89
2060,7.55
2061,7.99
2062,7.5
2063,6.62
2064,6.28
2065,7.51
2066,7.28
2067,8.79
2068,6.77
2069,6.71
2070,10.43
2071,5.99
2072,8.9
2073,9.89
2074,6.03
2075,6.2
2076,7.84
2077,7.2
2078,7.49
2079,6.77
2080,7.2
2081,7.16
2082,7.31
2083,8.52
2084,6.63
2085,5.95
2086,6.63
2087,6.0
2088,7.63
2089,6.32
2090,6.2
2091,7.51
2092,8.59
2093,7.3
2094,8.46
2095,8.0
2096,6.09
2097,7.34
2098,8.0
2099,9.19
2100,9.49
2101,9.79
2102,9.21
2103,6.37
2104,5.98
2105,8.4
2106,7.4
2107,7.7
2108,8.59
2109,7.3
2110,7.44
2111,6.61
2112,6.69
2113,6.1
2114,6.11
2115,8.0
2116,8.8
2117,6.19
2118,6.88
2119,6.0
2120,6.99
2121,11.03
2122,10.81
2123,7.48
2124,9.17
2125,8.71
2126,9.91
2127,9.58
2128,7.61
2129,6.88
2130,8.91
2131,11.01
2132,6.61
2133,6.78
2134,10.42
2135,7.8
2136,7.47
2137,10.5
2138,9.42
2139,6.41
2140,10.61
2141,6.01
2142,9.68
2143,7.02
2144,9.5
2145,8.39
2146,6.77
2147,7.98
2148,6.82
2149,5.98
2150,8.4
2151,5.99
2152,6.48
2153,7.7
2154,6.17
2155,6.71
2156,7.71
2157,7.98
2158,10.44
2159,9.8
2160,10.02
2161,10.36
2162,5.98
2163,10.1
2164,7.8
2165,9.14
2166,6.03
2167,9.71
2168,6.63
2169,8.0
2170,7.34
2171,7.42
2172,6.0
2173,7.69
2174,9.51
2175,9.48
2176,6.59
2177,7.23
2178,6.29
2179,8.49
2180,6.12
2181,6.09
2182,7.6
2183,7.1
2184,7.49
2185,7.91
2186,7.18
2187,7.35
2188,8.68
2189,10.38
2190,6.38
2191,6.48
2192,7.18
2193,7.67
2194,9.07
2195,6.38
2196,7.91
2197,6.68
2198,10.89
2199,10.32
2200,7.08
2201,10.67
2202,10.39
2203,7.78
2204,10.4
2205,6.59
2206,7.21
2207,9.09
2208,9.69
2209,10.31
2210,10.0
2211,6.32
2212,6.13
2213,6.51
2214,7.47
2215,7.67
2216,8.0
2217,6.8
2218,6.21
2219,7.05
2220,8.61
2221,6.25
2222,10.57
2223,7.49
2224,9.4
2225,7.3
2226,7.49
2227,7.3
2228,7.59
2229,8.0
2230,7.18
2231,6.32
2232,7.31
2233,7.79
2234,7.19
2235,7.56
2236,6.61
2237,6.34
2238,9.7
2239,7.51
2240,6.13
2241,10.5
2242,6.37
2243,6.73
2244,6.68
2245,9.39
2246,6.79
2247,10.51
2248,6.73
2249,10.28
2250,10.57
2251,7.09
2252,7.42
2253,7.99
2254,6.51
2255,6.59
2256,6.9
2257,6.79
2258,6.51
2259,6.92
2260,7.29
2261,6.87
2262,6.13
2263,7.29
2264,7.6
2265,6.17
2266,7.6
2267,6.91
2268,6.29
2269,6.49
2270,7.81
2271,8.53
2272,6.61
2273,8.51
2274,7.41
2275,10.3
2276,6.98
2277,6.1
2278,10.7
2279,7.9
2280,10.88
2281,7.59
2282,6.11
2283,7.04
2284,6.41
2285,7.12
2286,5.99
2287,8.49
2288,7.44
2289,6.97
2290,6.55
2291,7.9
2292,7.13
2293,7.03
2294,6.21
2295,7.68
2296,7.59
2297,10.29
2298,6.37
2299,9.99
2300,10.5
2301,6.57
2302,8.04
2303,6.17
2304,7.2
2305,5.98
2306,8.11
2307,6.3
2308,10.62
2309,8.39
2310,6.11
2311,8.4
2312,6.56
2313,7.8
2314,7.29
2315,9.1
2316,7.87
2317,7.79
2318,7.1
2319,7.4
2320,6.9
2321,6.79
2322,6.51
2323,9.68
2324,6.49
2325,7.61
2326,7.39
2327,7.09
2328,7.42
2329,6.41
2330,6.11
2331,7.31
2332,6.97
2333,7.21
2334,7.39
2335,8.07
2336,9.31
2337,7.8
2338,6.81
2339,9.39
2340,6.71
2341,9.2
2342,6.0
2343,6.42
2344,6.02
2345,6.51
2346,7.0
2347,7.36
2348,6.6
2349,8.4
2350,8.88
2351,9.4
2352,6.29
2353,8.78
2354,6.61
2355,8.91
2356,7.88
2357,7.22
2358,10.91
2359,6.07
2360,7.27
2361,6.57
2362,6.11
2363,7.59
2364,7.43
2365,7.93
2366,8.38
2367,6.01
2368,6.89
2369,7.53
2370,6.19
2371,8.02
2372,6.66
2373,7.33
2374,9.6
2375,6.0
2376,7.99
2377,9.2
2378,8.62
2379,7.08
2380,10.7
2381,8.67
2382,7.23
2383,6.42
2384,10.47
2385,7.32
2386,7.93
2387,6.13
2388,6.76
2389,7.78
2390,7.8
2391,6.62
2392,7.67
2393,5.98
2394,8.47
2395,8.01
2396,6.28
2397,7.6
2398,7.58
2399,8.39
2400,7.19
2401,10.69
2402,6.36
2403,6.59
2404,7.42
2405,9.7
2406,7.83
2407,6.74
2408,6.41
2409,10.99
2410,7.67
2411,9.47
2412,5.99
2413,8.49
2414,8.13
2415,7.39
2416,8.0
2417,9.93
2418,7.49
2419,7.17
2420,7.69
2421,8.0
2422,6.19
2423,7.78
2424,6.48
2425,7.12
2426,9.21
2427,8.47
2428,8.17
2429,8.11
2430,6.72
2431,6.99
2432,7.87
2433,6.3
2434,6.32
2435,6.43
2436,6.8
2437,7.68
2438,6.63
2439,6.89
2440,7.2
2441,7.7
2442,9.82
2443,6.01
2444,7.56
2445,7.41
2446,7.3
2447,7.68
2448,9.79
2449,10.41
2450,7.0
2451,6.01
2452,6.5
2453,10.17
2454,7.65
2455,7.94
2456,7.8
2457,6.2
2458,5.99
2459,6.71
2460,7.62
2461,6.32
2462,6.81
2463,8.81
2464,7.97
2465,9.9
2466,7.39
2467,7.7
2468,8.29
2469,7.86
2470,6.19
2471,6.33
2472,6.78
2473,5.98
2474,9.0
2475,8.38
2476,6.71
2477,7.6
2478,6.7
2479,6.29
2480,8.19
2481,8.1
2482,6.1
2483,7.7
2484,7.52
2485,6.39
2486,8.89
2487,7.28
2488,6.7
2489,8.02
2490,9.99
2491,9.5
2492,9.29
2493,6.13
2494,8.58
2495,7.99
2496,7.39
2497,6.91
2498,6.69
2499,6.56
2500,6.6
2501,6.7
2502,7.76
2503,7.89
2504,6.2
2505,6.2
2506,7.4
2507,7.81
2508,10.28
2509,7.11
2510,8.72
2511,8.03
2512,6.61
2513,7.38
2514,6.6
2515,7.41
2516,10.68
2517,7.23
2518,7.07
2519,7.49
2520,7.61
2521,9.5
2522,6.12
2523,9.62
2524,7.63
2525,6.14
2526,8.67
2527,7.2
2528,10.68
2529,7.03
2530,10.22
2531,7.69
2532,7.6
2533,6.5
2534,6.12
2535,7.19
2536,7.72
2537,8.04
2538,6.6
2539,10.43
2540,7.88
2541,7.12
2542,7.96
2543,6.29
2544,6.09
2545,8.6
2546,7.89
2547,7.68
2548,6.54
2549,6.19
2550,6.99
2551,7.68
2552,10.51
2553,9.5
2554,7.52
2555,8.1
2556,7.08
2557,8.7
2558,10.52
2559,7.11
2560,6.54
2561,6.81
2562,9.31
2563,7.59
2564,7.19
2565,7.08
2566,10.21
2567,6.9
2568,7.32
2569,6.4
2570,7.42
2571,8.32
2572,9.21
2573,6.78
2574,6.09
2575,7.79
2576,6.37
2577,10.6
2578,6.79
2579,6.28
2580,7.28
2581,8.9
2582,9.39
2583,6.0
2584,7.91
2585,7.02
2586,10.8
2587,9.88
2588,10.22
2589,7.62
2590,6.34
2591,8.7
2592,6.45
2593,6.59
2594,6.67
2595,9.78
2596,7.09
2597,6.0
2598,6.76
2599,6.79
2600,7.75
2601,6.6
2602,6.88
2603,6.29
2604,7.18
2605,8.81
2606,7.91
2607,7.3
2608,10.3
2609,10.8
2610,7.91
2611,7.89
2612,7.49
2613,8.02
2614,8.24
2615,10.8
2616,6.1
2617,6.6
2618,6.11
2619,10.46
2620,6.88
2621,6.99
2622,7.81
2623,6.21
2624,6.19
2625,6.08
2626,10.19
2627,7.8
2628,6.21
2629,7.89
2630,7.2
2631,6.51
2632,9.82
2633,7.69
2634,7.18
2635,10.43
2636,6.44
2637,8.02
2638,9.09
2639,7.0
2640,6.18
2641,6.0
2642,8.02
2643,8.02
2644,7.89
2645,9.42
2646,8.03
2647,6.81
2648,10.77
2649,8.21
2650,6.31
2651,7.96
2652,7.83
2653,7.83
2654,6.62
2655,10.88
2656,7.38
2657,6.81
2658,7.81
2659,7.36
2660,7.69
2661,7.08
2662,6.7
2663,10.49
2664,6.91
2665,7.2
2666,6.3
2667,6.08
2668,6.22
2669,8.38
2670,7.51
2671,6.9
2672,9.8
2673,6.12
2674,9.6
2675,7.49
2676,7.26
2677,7.52
2678,7.7
2679,5.99
2680,9.3
2681,6.42
2682,6.47
2683,8.59
2684,6.7
2685,8.49
2686,9.52
2687,6.39
2688,7.25
2689,9.97
2690,6.4
2691,7.99
2692,7.82
2693,7.5
2694,10.73
2695,6.34
2696,7.59
2697,10.51
2698,8.01
2699,10.7
2700,9.99
2701,8.01
2702,9.68
2703,6.9
2704,6.5
2705,6.12
2706,5.98
2707,7.79
2708,7.5
2709,9.49
2710,6.88
2711,7.09
2712,8.01
2713,6.46
2714,8.5
2715,6.1
2716,6.49
2717,9.69
2718,6.5
2719,8.89
2720,7.1
2721,9.13
2722,6.6
2723,6.19
2724,7.59
2725,7.7
2726,6.77
2727,6.81
2728,6.01
2729,7.78
2730,6.08
2731,9.3
2732,6.92
2733,9.31
2734,10.67
2735,9.39
2736,9.48
2737,10.19
2738,8.22
2739,6.48
2740,8.8
2741,6.08
2742,7.41
2743,8.11
2744,6.18
2745,9.53
2746,6.9
2747,6.0
2748,8.12
2749,7.21
2750,6.77
2751,6.08
2752,8.87
2753,6.81
2754,7.8
2755,6.31
2756,7.5
2757,7.19
2758,6.1
2759,6.04
2760,8.94
2761,6.59
2762,10.29
2763,9.19
2764,7.9
2765,6.69
2766,8.8
2767,7.97
2768,6.3
2769,6.4
2770,6.68
2771,7.58
2772,6.21
2773,7.39
2774,10.11
2775,8.09
2776,9.03
2777,7.27
2778,7.63
2779,7.78
2780,5.98
2781,7.1
2782,6.71
2783,10.15
2784,7.98
2785,10.73
2786,7.59
2787,7.76
2788,7.19
2789,9.61
2790,8.53
2791,7.7
2792,6.31
2793,7.47
2794,8.2
2795,8.08
2796,6.53
2797,6.02
2798,6.22
2799,7.89
2800,8.03
2801,7.51
2802,8.67
2803,7.91
2804,6.74
2805,9.0
2806,6.72
2807,8.4
2808,7.72
2809,7.57
2810,9.41
2811,6.4
2812,7.2
2813,7.99
2814,7.08
2815,8.39
2816,8.09
2817,7.88
2818,6.79
2819,7.19
2820,7.93
2821,7.79
2822,10.03
2823,7.92
2824,7.41
2825,10.43
2826,6.69
2827,6.49
2828,6.67
2829,6.43
2830,7.28
2831,8.0
2832,6.41
2833,7.02
2834,7.36
2835,10.93
2836,6.84
2837,7.89
2838,6.12
2839,7.58
2840,9.95
2841,6.19
2842,7.03
2843,7.7
2844,6.28
2845,6.49
2846,10.89
2847,10.61
2848,6.22
2849,6.18
2850,6.89
2851,6.28
2852,6.93
2853,8.92
2854,7.51
2855,7.43
2856,6.83
2857,8.12
2858,8.3
2859,6.82
2860,7.2
2861,6.86
2862,7.9
2863,10.37
2864,6.21
2865,10.05
2866,6.78
2867,6.13
2868,7.51
2869,6.22
2870,6.09
2871,6.82
2872,7.38
2873,6.27
2874,7.53
2875,9.0
2876,8.01
2877,6.21
2878,10.08
2879,6.12
2880,6.39
2881,6.3
2882,7.28
2883,6.52
2884,9.59
2885,10.51
2886,10.4
2887,8.4
2888,6.72
2889,8.49
2890,7.51
2891,6.11
2892,6.02
2893,7.8
2894,8.03
2895,6.19
2896,6.69
2897,8.48
2898,9.08
2899,7.0
2900,7.8
2901,6.58
2902,6.37
2903,7.62
2904,7.51
2905,10.11
2906,6.93
2907,5.97
2908,6.21
2909,7.02
2910,6.29
2911,5.98
2912,8.37
2913,7.39
2914,6.4
2915,6.7
2916,7.68
2917,10.9
2918,9.32
2919,7.1
2920,8.8
2921,8.02
2922,10.18
2923,6.32
2924,6.21
2925,6.09
2926,7.35
2927,6.94
2928,7.32
2929,6.76
2930,6.39
2931,7.59
2932,8.0
2933,7.07
2934,7.44
2935,7.3
2936,8.51
2937,6.08
2938,7.72
2939,9.5
2940,7.02
2941,7.42
2942,7.7
2943,7.01
2944,7.22
2945,7.98
2946,10.82
2947,6.9
2948,6.73
2949,7.23
2950,7.09
2951,8.41
2952,7.07
2953,9.27
2954,9.42
2955,6.07
2956,6.7
2957,6.59
2958,11.0
2959,7.03
2960,9.29
2961,7.55
2962,5.98
2963,8.35
2964,6.81
2965,7.1
2966,9.4
2967,11.0
2968,7.61
2969,11.02
2970,6.78
2971,10.14
2972,6.7
2973,10.51
2974,6.2
2975,6.59
2976,10.27
2977,10.03
2978,6.03
2979,6.77
2980,7.7
2981,7.19
2982,7.61
2983,6.93
2984,6.97
2985,7.2
2986,7.21
2987,7.6
2988,7.83
2989,6.95
2990,6.88
2991,10.9
2992,9.1
2993,6.83
2994,7.3
2995,8.62
2996,6.76
2997,11.0
2998,7.68
2999,9.99
3000,7.91
3001,10.69
3002,10.53
3003,10.1
3004,6.62
3005,7.5
3006,10.72
3007,6.2
3008,6.59
3009,6.09
3010,10.02
3011,7.39
3012,6.51
3013,6.32
3014,9.3
3015,6.11
3016,7.2
3017,7.09
3018,9.89
3019,10.51
3020,6.92
3021,7.59
3022,6.13
3023,6.03
3024,8.99
3025,10.4
3026,8.38
3027,7.91
3028,7.13
3029,9.69
3030,7.78
3031,6.32
3032,6.3
3033,8.78
3034,7.72
3035,7.3
3036,10.82
3037,10.42
3038,5.98
3039,6.08
3040,8.08
3041,7.3
3042,7.09
3043,6.3
3044,8.11
3045,7.99
3046,10.47
3047,8.02
3048,6.1
3049,7.62
3050,6.92
3051,9.28
3052,10.79
3053,5.98
3054,7.77
3055,7.71
3056,6.21
3057,7.12
3058,7.83
3059,7.6
3060,6.04
3061,9.12
3062,8.71
3063,10.0
3064,6.88
3065,6.98
3066,6.3
3067,6.4
3068,8.18
3069,6.48
3070,6.71
3071,7.53
3072,9.87
3073,7.43
3074,7.5
3075,5.99
3076,6.85
3077,6.1
3078,7.7
3079,8.9
3080,10.91
3081,10.69
3082,7.14
3083,8.99
3084,7.44
3085,7.58
3086,6.6
3087,6.2
3088,6.49
3089,8.21
3090,6.79
3091,7.3
3092,6.8
3093,7.32
3094,6.21
3095,7.58
3096,6.62
3097,10.64
3098,6.2
3099,8.59
3100,6.01
3101,6.3
3102,7.91
3103,7.18
3104,6.6
3105,7.93
3106,6.71
3107,6.32
3108,7.22
3109,6.29
3110,7.2
3111,7.78
3112,6.78
3113,6.49
3114,7.71
3115,7.57
3116,9.19
3117,6.41
3118,8.49
3119,6.98
3120,6.5
3121,8.9
3122,6.61
3123,11.01
3124,7.8
3125,7.2
3126,6.43
3127,6.77
3128,7.42
3129,6.18
3130,6.01
3131,7.33
3132,7.07
3133,8.69
3134,10.8
3135,7.37
3136,9.18
3137,7.43
3138,7.41
3139,6.7
3140,9.2
3141,6.86
3142,9.29
3143,5.99
3144,6.29
3145,6.39
3146,8.7
3147,7.4
3148,6.24
3149,7.72
3150,7.51
3151,9.08
3152,5.98
3153,5.99
3154,6.01
3155,6.88
3156,10.81
3157,9.03
3158,7.41
3159,6.8
3160,6.81
3161,7.4
3162,10.79
3163,6.91
3164,8.94
3165,6.72
3166,7.89
3167,6.31
3168,7.89
3169,8.93
3170,7.15
3171,7.48
3172,8.69
3173,6.79
3174,9.06
3175,7.01
3176,6.72
3177,8.41
3178,6.51
3179,7.17
3180,8.71
3181,5.99
3182,7.3
3183,9.41
3184,7.32
3185,7.11
3186,7.38
3187,7.6
3188,9.99
3189,6.23
3190,6.8
3191,6.68
3192,7.48
3193,6.4
3194,10.7
3195,6.98
3196,8.59
3197,10.37
3198,6.72
3199,7.08
3200,7.68
3201,6.81
3202,7.77
3203,7.11
3204,8.89
3205,7.56
3206,9.11
3207,6.78
3208,7.51
3209,6.67
3210,7.88
3211,8.19
3212,7.2
3213,6.49
3214,7.87
3215,6.7
3216,8.61
3217,6.81
3218,7.72
3219,6.59
3220,7.4
3221,6.22
3222,7.4
3223,8.1
3224,6.01
3225,9.79
3226,6.09
3227,8.28
3228,7.52
3229,6.44
3230,9.95
3231,7.09
3232,6.4
3233,7.83
3234,6.31
3235,7.12
3236,8.8
3237,7.49
3238,7.09
3239,6.28
3240,7.13
3241,7.78
3242,10.9
3243,6.18
3244,6.0
3245,10.02
3246,7.71
3247,5.99
3248,8.02
3249,10.03
3250,7.77
3251,8.03
3252,7.42
3253,7.2
3254,7.12
3255,6.3
3256,6.16
3257,6.22
3258,8.9
3259,6.84
3260,9.53
3261,10.8
3262,6.86
3263,7.78
3264,7.16
3265,6.36
3266,7.91
3267,7.8
3268,7.98
3269,6.81
3270,6.11
3271,6.42
3272,10.67
3273,7.04
3274,7.96
3275,9.54
3276,7.69
3277,7.68
3278,8.93
3279,7.79
3280,10.51
3281,6.25
3282,6.59
3283,8.0
3284,6.9
3285,9.37
3286,6.6
3287,7.61
3288,7.58
3289,6.9
3290,6.29
3291,6.38
3292,7.3
3293,10.48
3294,7.01
3295,9.9
3296,6.88
3297,8.02
3298,7.3
3299,6.11
3300,6.29
3301,6.4
3302,5.99
3303,6.92
3304,9.69
3305,7.83
3306,6.4
3307,10.41
3308,8.5
3309,6.6
3310,7.59
3311,6.08
3312,6.34
3313,6.52
3314,10.97
3315,8.0
3316,7.63
3317,10.41
3318,8.79
3319,9.96
3320,7.89
3321,7.81
3322,7.49
3323,7.59
3324,6.82
3325,7.01
3326,9.61
3327,10.1
3328,9.38
3329,6.39
3330,7.07
3331,7.37
3332,6.7
3333,7.62
3334,10.68
3335,8.35
3336,6.63
3337,6.91
3338,9.4
3339,10.01
3340,6.39
3341,9.78
3342,6.4
3343,10.47
3344,6.6
3345,7.09
3346,7.89
3347,10.33
3348,8.5
3349,9.8
3350,10.4
3351,7.7
3352,10.71
3353,7.71
3354,7.69
3355,6.92
3356,10.56
3357,8.33
3358,6.08
3359,10.39
3360,7.0
3361,6.72
3362,7.06
3363,6.51
3364,7.08
3365,7.07
3366,8.87
3367,6.11
3368,7.58
3369,10.65
3370,7.1
3371,10.62
3372,6.09
3373,8.3
3374,8.1
3375,7.91
3376,9.8
3377,6.02
3378,6.33
3379,6.32
3380,7.6
3381,6.38
3382,6.98
3383,7.47
3384,6.52
3385,8.01
3386,8.08
3387,7.34
3388,6.5
3389,9.51
3390,10.08
3391,6.83
3392,8.2
3393,7.88
3394,10.33
3395,7.48
3396,7.01
3397,7.39
3398,8.98
3399,7.86
3400,7.1
3401,8.71
3402,8.01
3403,10.49
3404,9.49
3405,7.69
3406,6.92
3407,6.59
3408,9.32
3409,6.31
3410,6.33
3411,6.6
3412,9.6
3413,10.12
3414,8.32
3415,7.59
3416,7.9
3417,7.31
3418,8.02
3419,6.5
3420,6.91
3421,7.14
3422,7.31
3423,6.88
3424,8.01
3425,6.23
3426,10.12
3427,6.6
3428,8.6
3429,6.3
3430,8.41
3431,7.71
3432,6.01
3433,10.9
3434,6.48
3435,7.8
3436,10.8
3437,7.58
3438,7.39
3439,7.18
3440,7.11
3441,8.11
3442,6.69
3443,7.78
3444,6.07
3445,8.2
3446,9.21
3447,7.79
3448,7.59
3449,9.58
3450,7.28
3451,6.09
3452,7.71
3453,7.39
3454,7.61
3455,6.92
3456,6.63
3457,6.1
3458,7.89
3459,9.08
3460,6.6
3461,10.99
3462,8.7
3463,7.38
3464,7.52
3465,6.19
3466,7.91
3467,7.32
3468,7.9
3469,7.99
3470,6.68
3471,6.56
3472,6.18
3473,6.37
3474,9.82
3475,7.78
3476,6.73
3477,6.67
3478,10.62
3479,10.94
3480,7.83
3481,10.2
3482,6.82
3483,6.3
3484,10.51
3485,8.02
3486,7.08
3487,6.17
3488,6.01
3489,7.99
3490,10.69
3491,6.33
3492,6.9
3493,6.39
3494,7.41
3495,7.08
3496,7.18
3497,6.02
3498,10.47
3499,6.19
3500,7.2
3501,6.6
3502,7.49
3503,6.62
3504,7.22
3505,7.98
3506,7.09
3507,7.2
3508,10.9
3509,6.5
3510,10.68
3511,7.01
3512,8.98
3513,8.1
3514,7.13
3515,7.97
3516,7.36
3517,7.09
3518,6.8
3519,6.77
3520,6.72
3521,8.05
3522,7.71
3523,7.12
3524,7.94
3525,10.34
3526,7.47
3527,7.69
3528,10.46
3529,6.91
3530,7.52
3531,7.96
3532,7.49
3533,6.59
3534,6.29
3535,7.51
3536,7.31
3537,8.79
3538,6.83
3539,6.68
3540,10.41
3541,6.03
3542,8.91
3543,9.88
3544,5.99
3545,6.2
3546,7.8
3547,7.18
3548,7.51
3549,6.81
3550,7.17
3551,7.15
3552,7.31
3553,8.49
3554,6.6
3555,6.02
3556,6.61
3557,6.02
3558,7.61
3559,6.3
3560,6.22
3561,7.49
3562,8.6
3563,7.29
3564,8.41
3565,7.99
3566,6.13
3567,7.32
3568,8.02
3569,9.19
3570,9.46
3571,9.81
3572,9.16
3573,6.28
3574,6.01
3575,8.41
3576,7.38
3577,7.7
3578,8.62
3579,7.31
3580,7.38
3581,6.57
3582,6.68
3583,6.06
3584,6.08
3585,7.99
3586,8.77
3587,6.17
3588,6.87
3589,6.0
3590,7.02
3591,10.97
3592,10.77
3593,7.48
3594,9.22
3595,8.7
3596,9.92
3597,9.59
3598,7.57
3599,6.89
3600,8.9
3601,11.02
3602,6.61
3603,6.78
3604,10.41
3605,7.8
3606,7.5
3607,10.49
3608,9.39
3609,6.4
3610,10.61
3611,6.0
3612,9.69
3613,6.99
3614,9.52
3615,8.42
3616,6.85
3617,8.02
3618,6.81
3619,6.01
3620,8.41
3621,6.0
3622,6.47
3623,7.71
3624,6.2
3625,6.69
3626,7.7
3627,8.0
3628,10.39
3629,9.79
3630,10.05
3631,10.37
3632,5.98
3633,10.11
3634,7.8
3635,9.08
3636,6.03
3637,9.7
3638,6.59
3639,7.95
3640,7.24
3641,7.41
3642,6.01
3643,7.69
3644,9.54
3645,9.52
3646,6.6
3647,7.22
3648,6.36
3649,8.51
3650,6.07
3651,6.13
3652,7.62
3653,7.09
3654,7.49
3655,7.89
3656,7.24
3657,7.43
3658,8.67
3659,10.39
3660,6.38
3661,6.53
3662,7.18
3663,7.71
3664,9.08
3665,6.45
3666,7.9
3667,6.68
3668,10.9
3669,10.29
3670,7.07
3671,10.69
3672,10.4
3673,7.78
3674,10.38
3675,6.59
3676,7.19
3677,9.14
3678,9.66
3679,10.3
3680,10.01
3681,6.28
3682,6.15
3683,6.48
3684,7.52
3685,7.72
3686,8.01
3687,6.81
3688,6.22
3689,7.15
3690,8.61
3691,6.21
3692,10.57
3693,7.5
3694,9.38
3695,7.27
3696,7.47
3697,7.29
3698,7.61
3699,8.01
3700,7.16
3701,6.29
3702,7.27
3703,7.82
3704,7.22
3705,7.58
3706,6.63
3707,6.33
3708,9.71
3709,7.52
3710,6.11
3711,10.51
3712,6.4
3713,6.69
3714,6.69
3715,9.37
3716,6.81
3717,10.47
3718,6.68
3719,10.28
3720,10.61
3721,7.08
3722,7.41
3723,8.01
3724,6.5
3725,6.6
3726,6.87
3727,6.82
3728,6.47
3729,6.89
3730,7.33
3731,6.88
3732,6.12
3733,7.28
3734,7.58
3735,6.11
3736,7.55
3737,6.9
3738,6.36
3739,6.48
3740,7.8
3741,8.52
3742,6.58
3743,8.49
3744,7.42
3745,10.31
3746,7.0
3747,6.14
3748,10.67
3749,7.87
3750,10.87
3751,7.6
3752,6.12
3753,7.01
3754,6.39
3755,7.13
3756,5.98
3757,8.46
3758,7.39
3759,6.99
3760,6.54
3761,7.91
3762,7.07
3763,7.02
3764,6.17
3765,7.7
3766,7.6
3767,10.3
3768,6.39
3769,9.99
3770,10.51
3771,6.59
3772,7.99
3773,6.19
3774,7.2
3775,6.03
3776,8.1
3777,6.28
3778,10.62
3779,8.4
3780,6.09
3781,8.41
3782,6.61
3783,7.81
3784,7.3
3785,9.1
3786,7.91
3787,7.81
3788,7.12
3789,7.42
3790,6.91
3791,6.8
3792,6.51
3793,9.71
3794,6.48
3795,7.58
3796,7.38
3797,7.09
3798,7.39
3799,6.4
3800,6.11
3801,7.28
3802,7.05
3803,7.21
3804,7.4
3805,8.1
3806,9.31
3807,7.81
3808,6.79
3809,9.42
3810,6.69
3811,9.19
3812,6.01
3813,6.4
3814,6.0
3815,6.46
3816,7.0
3817,7.28
3818,6.6
3819,8.42
3820,8.87
3821,9.4
3822,6.32
3823,8.81
3824,6.62
3825,8.91
3826,7.91
3827,7.23
3828,10.94
3829,6.11
3830,7.31
3831,6.59
3832,6.09
3833,7.6
3834,7.41
3835,7.89
3836,8.43
3837,6.02
3838,6.9
3839,7.59
3840,6.24
3841,8.0
3842,6.68
3843,7.28
3844,9.6
3845,5.99
3846,8.03
3847,9.25
3848,8.62
3849,7.09
3850,10.7
3851,8.68
3852,7.21
3853,6.41
3854,10.54
3855,7.29
3856,7.89
3857,6.07
3858,6.78
3859,7.81
3860,7.79
3861,6.62
3862,7.69
3863,6.0
3864,8.48
3865,8.01
3866,6.31
3867,7.59
3868,7.6
3869,8.36
3870,7.19
3871,10.69
3872,6.38
3873,6.62
3874,7.4
3875,9.71
3876,7.78
3877,6.71
3878,6.39
3879,11.0
3880,7.72
3881,9.51
3882,6.01
3883,8.51
3884,8.11
3885,7.41
3886,8.03
3887,9.92
3888,7.5
3889,7.18
3890,7.68
3891,7.97
3892,6.22
3893,7.82
3894,6.5
3895,7.1
3896,9.22
3897,8.54
3898,8.19
3899,8.08
3900,6.71
3901,7.0
3902,7.86
3903,6.28
3904,6.31
3905,6.41
3906,6.81
3907,7.7
3908,6.58
3909,6.89
3910,7.22
3911,7.71
3912,9.82
3913,5.98
3914,7.62
3915,7.41
3916,7.32
3917,7.72
3918,9.83
3919,10.41
3920,6.99
3921,6.01
3922,6.5
3923,10.19
3924,7.59
3925,7.91
3926,7.79
3927,6.21
3928,5.99
3929,6.71
3930,7.61
3931,6.33
3932,6.8
3933,8.8
3934,8.0
3935,9.92
3936,7.42
3937,7.71
3938,8.31
3939,7.91
3940,6.22
3941,6.29
3942,6.79
3943,5.98
3944,9.04
3945,8.4
3946,6.7
3947,7.6
3948,6.73
3949,6.29
3950,8.19
3951,8.12
3952,6.09
3953,7.7
3954,7.52
3955,6.39
3956,8.91
3957,7.3
3958,6.69
3959,7.99
3960,9.99
3961,9.48
3962,9.29
3963,6.07
3964,8.59
3965,8.04
3966,7.37
3967,6.89
3968,6.7
3969,6.61
3970,6.61
3971,6.68
3972,7.84
3973,7.9
3974,6.2
3975,6.19
3976,7.35
3977,7.82
3978,10.28
3979,7.09
3980,8.71
3981,7.98
3982,6.62
3983,7.4
3984,6.58
3985,7.4
3986,10.69
3987,7.24
3988,7.06
3989,7.49
3990,7.59
3991,9.49
3992,6.13
3993,9.6
3994,7.61
3995,6.05
3996,8.72
3997,7.17
3998,10.67
3999,6.98
4000,10.22
4001,7.71
4002,7.61
4003,6.49
4004,6.1
4005,7.18
4006,7.7
4007,8.03
4008,6.61
4009,10.38
4010,7.93
4011,7.06
4012,8.01
4013,6.28
4014,6.11
4015,8.6
4016,7.9
4017,7.69
4018,6.49
4019,6.18
4020,6.95
4021,7.72
4022,10.51
4023,9.49
4024,7.53
4025,8.07
4026,7.12
4027,8.72
4028,10.51
4029,7.11
4030,6.49
4031,6.83
4032,9.31
4033,7.55
4034,7.2
4035,7.08
4036,10.2
4037,6.89
4038,7.32
4039,6.41
4040,7.42
4041,8.31
4042,9.2
4043,6.83
4044,6.1
4045,7.83
4046,6.41
4047,10.56
4048,6.8
4049,6.3
4050,7.26
4051,8.86
4052,9.37
4053,5.99
4054,7.9
4055,7.02
4056,10.78
4057,9.92
4058,10.21
4059,7.61
4060,6.31
4061,8.69
4062,6.5
4063,6.55
4064,6.71
4065,9.77
4066,7.11
4067,5.99
4068,6.79
4069,6.79
4070,7.71
4071,6.6
4072,6.93
4073,6.29
4074,7.24
4075,8.81
4076,7.89
4077,7.32
4078,10.32
4079,10.81
4080,7.86
4081,7.89
4082,7.52
4083,8.0
4084,8.18
4085,10.81
4086,6.09
4087,6.6
4088,6.1
4089,10.5
4090,6.87
4091,7.03
4092,7.8
4093,6.19
4094,6.21
4095,6.12
4096,10.2
4097,7.79
4098,6.2
4099,7.91
4100,7.23
4101,6.49
4102,9.8
4103,7.67
4104,7.22
4105,10.38
4106,6.41
4107,7.99
4108,9.07
4109,6.99
4110,6.22
4111,6.02
4112,8.0
4113,8.04
4114,7.9
4115,9.4
4116,7.97
4117,6.78
4118,10.8
4119,8.19
4120,6.27
4121,8.0
4122,7.84
4123,7.8
4124,6.57
4125,10.94
4126,7.36
4127,6.8
4128,7.78
4129,7.39
4130,7.73
4131,7.09
4132,6.66
4133,10.48
4134,6.93
4135,7.19
4136,6.3
4137,6.1
4138,6.2
4139,8.41
4140,7.51
4141,6.86
4142,9.82
4143,6.06
4144,9.62
4145,7.54
4146,7.31
4147,7.49
4148,7.73
4149,5.99
4150,9.33
4151,6.42
4152,6.47
4153,8.59
4154,6.7
4155,8.49
4156,9.5
4157,6.42
4158,7.34
4159,10.02
4160,6.39
4161,7.99
4162,7.81
4163,7.51
4164,10.7
4165,6.29
4166,7.6
4167,10.5
4168,8.02
4169,10.7
4170,9.98
4171,8.03
4172,9.71
4173,6.9
4174,6.5
4175,6.14
4176,5.99
4177,7.8
4178,7.52
4179,9.54
4180,6.92
4181,7.09
4182,8.05
4183,6.5
4184,8.5
4185,6.06
4186,6.51
4187,9.68
4188,6.51
4189,8.93
4190,7.09
4191,9.11
4192,6.56
4193,6.2
4194,7.59
4195,7.72
4196,6.81
4197,6.82
4198,5.99
4199,7.81
4200,6.09
4201,9.28
4202,6.89
4203,9.34
4204,10.72
4205,9.4
4206,9.55
4207,10.21
4208,8.23
4209,6.51
4210,8.81
4211,6.11
4212,7.37
4213,8.13
4214,6.23
4215,9.48
4216,6.88
4217,5.99
4218,8.11
4219,7.22
4220,6.76
4221,6.11
4222,8.9
4223,6.8
4224,7.81
4225,6.35
4226,7.52
4227,7.21
4228,6.12
4229,6.0
4230,8.91
4231,6.57
4232,10.31
4233,9.18
4234,7.88
4235,6.7
4236,8.81
4237,7.98
4238,6.31
4239,6.4
4240,6.73
4241,7.59
4242,6.17
4243,7.41
4244,10.1
4245,8.09
4246,8.99
4247,7.27
4248,7.63
4249,7.81
4250,5.98
4251,7.12
4252,6.74
4253,10.1
4254,8.0
4255,10.72
4256,7.61
4257,7.75
4258,7.21
4259,9.58
4260,8.48
4261,7.69
4262,6.29
4263,7.5
4264,8.18
4265,8.08
4266,6.52
4267,6.02
4268,6.21
4269,7.86
4270,8.02
4271,7.5
4272,8.76
4273,7.89
4274,6.68
4275,8.99
4276,6.68
4277,8.39
4278,7.7
4279,7.63
4280,9.41
4281,6.38
4282,7.23
4283,7.99
4284,7.11
4285,8.41
4286,8.12
4287,7.87
4288,6.75
4289,7.19
4290,7.91
4291,7.82
4292,10.02
4293,7.87
4294,7.43
4295,10.43
4296,6.68
4297,6.5
4298,6.72
4299,6.39
4300,7.29
4301,8.01
4302,6.39
4303,7.0
4304,7.41
4305,10.9
4306,6.79
4307,7.91
4308,6.08
4309,7.57
4310,10.0
4311,6.21
4312,7.02
4313,7.69
4314,6.28
4315,6.48
4316,10.91
4317,10.58
4318,6.26
4319,6.18
4320,6.89
4321,6.28
4322,6.91
4323,8.92
4324,7.49
4325,7.38
4326,6.77
4327,8.13
4328,8.3
4329,6.82
4330,7.22
4331,6.87
4332,7.91
4333,10.41
4334,6.19
4335,10.13
4336,6.77
4337,6.1
4338,7.52
4339,6.2
4340,6.08
4341,6.8
4342,7.4
4343,6.28
4344,7.49
4345,9.0
4346,8.02
4347,6.25
4348,10.09
4349,6.08
4350,6.39
4351,6.3
4352,7.29
4353,6.51
4354,9.58
4355,10.52
4356,10.39
4357,8.38
4358,6.7
4359,8.51
4360,7.5
4361,6.1
4362,6.04
4363,7.8
4364,7.96
4365,6.2
4366,6.72
4367,8.49
4368,9.08
4369,6.99
4370,7.82
4371,6.61
4372,6.41
4373,7.59
4374,7.46
4375,10.11
4376,6.92
4377,6.0
4378,6.16
4379,7.02
4380,6.3
4381,6.03
4382,8.41
4383,7.41
4384,6.4
4385,6.7
4386,7.74
4387,10.92
4388,9.27
4389,7.1
4390,8.81
4391,8.05
4392,10.18
4393,6.31
4394,6.14
4395,6.13
4396,7.4
4397,6.93
4398,7.3
4399,6.78
4400,6.41
4401,7.61
4402,7.99
4403,7.11
4404,7.39
4405,7.29
4406,8.52
4407,6.09
4408,7.71
4409,9.49
4410,6.99
